<?xml version="1.0" encoding="UTF-8"?>
<project-private xmlns="http://www.netbeans.org/ns/project-private/1">
    <editor-bookmarks xmlns="http://www.netbeans.org/ns/editor-bookmarks/2" lastBookmarkId="0"/>
    <open-files xmlns="http://www.netbeans.org/ns/projectui-open-files/2">
        <group>
            <file>file:/C:/Users/saulo/Downloads/Registro%20de%20ativos%20fixos%20(2)/Registro%20de%20ativos%20fixos/src/registro/de/ativos/fixos/AdicionarBens.java</file>
            <file>file:/C:/Users/saulo/Downloads/Registro%20de%20ativos%20fixos%20(2)/Registro%20de%20ativos%20fixos/src/registro/de/ativos/fixos/PedidoDeTrocas.java</file>
            <file>file:/C:/Users/saulo/Downloads/Registro%20de%20ativos%20fixos%20(2)/Registro%20de%20ativos%20fixos/src/registro/de/ativos/fixos/EditarUsuario.java</file>
            <file>file:/C:/Users/saulo/Downloads/Registro%20de%20ativos%20fixos%20(2)/Registro%20de%20ativos%20fixos/src/registro/de/ativos/fixos/ExcluirBens.java</file>
            <file>file:/C:/Users/saulo/Downloads/Registro%20de%20ativos%20fixos%20(2)/Registro%20de%20ativos%20fixos/src/registro/de/ativos/fixos/TelaInicial.java</file>
            <file>file:/C:/Users/saulo/Downloads/Registro%20de%20ativos%20fixos%20(2)/Registro%20de%20ativos%20fixos/src/registro/de/ativos/fixos/TelaDeIdentificação.java</file>
            <file>file:/C:/Users/saulo/Downloads/Registro%20de%20ativos%20fixos%20(2)/Registro%20de%20ativos%20fixos/src/registro/de/ativos/fixos/EditarBens.java</file>
            <file>file:/C:/Users/saulo/Downloads/Registro%20de%20ativos%20fixos%20(2)/Registro%20de%20ativos%20fixos/src/registro/de/ativos/fixos/Login.java</file>
            <file>file:/C:/Users/saulo/Downloads/Registro%20de%20ativos%20fixos%20(2)/Registro%20de%20ativos%20fixos/src/registro/de/ativos/fixos/Cadastro.java</file>
            <file>file:/C:/Users/saulo/Downloads/Registro%20de%20ativos%20fixos%20(2)/Registro%20de%20ativos%20fixos/src/registro/de/ativos/fixos/TelaDoUsuario.java</file>
            <file>file:/C:/Users/saulo/Downloads/Registro%20de%20ativos%20fixos%20(2)/Registro%20de%20ativos%20fixos/src/registro/de/ativos/fixos/TelaBens.java</file>
            <file>file:/C:/Users/saulo/Downloads/Registro%20de%20ativos%20fixos%20(2)/Registro%20de%20ativos%20fixos/src/registro/de/ativos/fixos/TrocarBens.java</file>
        </group>
    </open-files>
</project-private>
