<?xml version="1.0" encoding="UTF-8"?>
<project-private xmlns="http://www.netbeans.org/ns/project-private/1">
    <editor-bookmarks xmlns="http://www.netbeans.org/ns/editor-bookmarks/2" lastBookmarkId="0"/>
    <open-files xmlns="http://www.netbeans.org/ns/projectui-open-files/2">
        <group>
            <file>file:/C:/Users/luiz.hbfsantos/Documents/NetBeansProjects/Registro%20de%20ativos%20fixos/src/registro/de/ativos/fixos/TelaInicial.java</file>
            <file>file:/C:/Users/luiz.hbfsantos/Documents/NetBeansProjects/Registro%20de%20ativos%20fixos/src/registro/de/ativos/fixos/ConfiguraçãoDoUsuario.java</file>
            <file>file:/C:/Users/luiz.hbfsantos/Documents/NetBeansProjects/Registro%20de%20ativos%20fixos/src/registro/de/ativos/fixos/Cadastro.java</file>
            <file>file:/C:/Users/luiz.hbfsantos/Documents/NetBeansProjects/Registro%20de%20ativos%20fixos/src/registro/de/ativos/fixos/ExcluirBens.java</file>
            <file>file:/C:/Users/luiz.hbfsantos/Documents/NetBeansProjects/Registro%20de%20ativos%20fixos/src/registro/de/ativos/fixos/Login.java</file>
            <file>file:/C:/Users/luiz.hbfsantos/Documents/NetBeansProjects/Registro%20de%20ativos%20fixos/src/registro/de/ativos/fixos/EditarBens.java</file>
            <file>file:/C:/Users/luiz.hbfsantos/Documents/NetBeansProjects/Registro%20de%20ativos%20fixos/src/registro/de/ativos/fixos/AdicionarBens.java</file>
            <file>file:/C:/Users/luiz.hbfsantos/Documents/NetBeansProjects/Registro%20de%20ativos%20fixos/src/registro/de/ativos/fixos/TelaDoUsuario.java</file>
        </group>
    </open-files>
</project-private>
